Industrial RO Water Purifier with Free Installation in Mumbai,Manufacturer of Premium Rang of Domestic Ro System,4 burner gas stove,Aquaguard Nova Eureka Forbes in very good working condition,Gas Cylinder 14.2 Kg,Types of Safety Valve at HP Valve,Get The Advanced Gas Stove At Affordable Prices At Infibeam.com,RO Membrane Supplier by Hi-Tech,"Online Shopping India -- Buy Mobiles, Women's Clothing Online."
"",₨11000,₨1200,₨2000,₨6000,"","",₨900,₨100
http://mumbai.craigslist.co.in/app/5972910783.html,http://mumbai.craigslist.co.in/app/5972911225.html,http://mumbai.craigslist.co.in/app/5968709314.html,http://mumbai.craigslist.co.in/app/5961266587.html,http://pune.craigslist.co.in/app/5964360653.html,http://ahmedabad.craigslist.co.in/ppd/5955842263.html,http://ahmedabad.craigslist.co.in/ppd/5954423462.html,http://ahmedabad.craigslist.co.in/app/5925099284.html,http://ahmedabad.craigslist.co.in/ppd/5934121664.html
"
        
            QR Code Link to This Post
            
        
Hi-Tech comes with a compact and modern design industrial ro plant for large and small scale industry. this plant is fully automatic, various design, size, color and available at good price. for more info contact us our service to get more info.    ","
        
            QR Code Link to This Post
            
        
We are Manufacturer, supplier and distributor of wide range domestic ro system for home. These system is made as per define industry norms and standards. We are supply domestic ro system at market leading price. If you are looking for best domestic ro system then we can confidently tell you that hitechro is right place place for you. We are provide alll range of domestic ro system. Our main goal is that to give best domestic ro plant for your home.    ","
        
            QR Code Link to This Post
            
        
Stainless steel body 4 burner gas stove in working condition,    ","
        
            QR Code Link to This Post
            
        
Sparingly used in a doctors clinic. Regular and routine service, maintenance done as per annual maintenance contract with Eureka Forbes. May need the next due normal / regular service as per the amc    ","
        
            QR Code Link to This Post
            
        
Gas cylinder in perfect condition available for sale.

call to discuss    ","
        
            QR Code Link to This Post
            
        
H.P. Valves Pvt Ltd is Manufacturer & Supplier of Safety Valve, Control, Piston, Blow down, moisture separator, Check Valve, Ball, Diaphragm, Poppet, Globe, Butterfly, Strainer Forged Steel, Cryogenic, Pressure Seal Valves A safety valve is a valve mechanism which automatically releases a substance from a boiler, pressure vessel, or other system company in Ahmedabad, Gujarat, India know more details please visit to websites: www.hpvalve.net    ","
        
            QR Code Link to This Post
            
        
Roaming around here and there for Advanced Gas stove or cooking stove for your newly kitchen. So Just come at Infibeam Home Appliances section and find branded companies Gas Stove, Electric Stove. 
With this we have the offers going on All Gas Stove online.

Just Visit Here: https://www.infibeam.com/gas-stove/    ","
        
            QR Code Link to This Post
            
        
We can offer you complete filtration unit from MF,UF,NF,RO.
A membrane filtration system includes the following parts:
* Membrane elements
* Module*housing
* Pre-filtration
* Feed&Circulation pump
* Instruments (Pressure/Flowrate/Temperature/Level)
* Valve & Piping
* CIP tank
* Heat exchanger
* Frame
* Control cabinet    ","
        
            QR Code Link to This Post
            
        
PeepCompra's Vision is to create India's most impactful digital commerce ecosystem that creates life-changing experiences for buyers and sellers.An Online shopping Destination catering customer's growing requirements & their special needs.    "
